model_name,occupation,dp_gap,eo_tpr_gap,eo_fpr_gap
distilbert_masked (Masked),nurse,0.07757518080780797,0.07421543681085663,0.006467326139088728
distilbert_masked (Masked),photographer,0.02164506036467454,0.0013067236873366417,0.0017864342995385519
distilbert_masked (Masked),professor,0.03086299392328351,0.02163103870420935,0.024111485222596332
distilbert_masked (Masked),architect,0.018917961643521955,0.13421052631578945,0.008252203617143712
distilbert_masked (Masked),journalist,0.012664149161298634,0.06252035167697811,0.0018946419525581668
distilbert_masked (Masked),teacher,0.02460292047318606,0.04025974025974033,0.005502287121745249
distilbert_masked (Masked),physician,0.03247385151488591,0.11292254201274865,0.0022874245096467325
distilbert_masked (Masked),attorney,0.016292827256318657,0.002459791863765326,0.0004222362077957297
distilbert_masked (Masked),psychologist,0.020879433436072837,0.0665584415584416,0.002538061020330215
distilbert_masked (Masked),dentist,0.028866639595434146,0.07954545454545459,0.0016448399778115428
distilbert_masked (Masked),model,0.027828213352318974,0.3044444444444444,0.00010451719587828987
distilbert_masked (Masked),software_engineer,0.024797010477282527,0.06990881458966558,0.006548232162490596
distilbert_masked (Masked),surgeon,0.03693166064123044,0.02011494252873558,0.00686066039970804
distilbert_masked (Masked),poet,0.004191270779705162,0.15333333333333332,0.0017954296130336404
distilbert_masked (Masked),composer,0.015119342991919775,0.025396825396825418,0.0011668036986204938
distilbert_masked (Masked),painter,0.00027190489053145056,0.04633620689655171,0.0016743885196504149
distilbert_masked (Masked),accountant,0.009345836188036543,0.03125,0.0004316970572804007
distilbert_masked (Masked),filmmaker,0.008712584008772511,0.021428571428571352,0.003158559696778269
distilbert_masked (Masked),dietitian,0.019129940127258646,0.03448275862068961,0.00012028641888579101
distilbert_masked (Masked),comedian,0.008124947452591057,0.11764705882352944,0.0024984384759525295
roberta_unmasked (Unmasked),nurse,0.08417781864301571,0.06743002544529253,0.008967326139088728
roberta_unmasked (Unmasked),photographer,0.02886574517145213,0.05416963649322881,0.0018353079651856593
roberta_unmasked (Unmasked),professor,0.03202395625193416,0.017770034843205496,0.023610175832398054
roberta_unmasked (Unmasked),architect,0.019837429497029616,0.17280701754385963,0.008160376425558287
roberta_unmasked (Unmasked),journalist,0.01875428205481388,0.11071312276131551,0.0014658545632950017
roberta_unmasked (Unmasked),teacher,0.03307490443079752,0.13220779220779222,0.010099988271170536
roberta_unmasked (Unmasked),physician,0.030725252630053726,0.08711609039984547,0.0014643792421570202
roberta_unmasked (Unmasked),attorney,0.018267715408599713,0.026111636707663255,0.00014626134125920315
roberta_unmasked (Unmasked),psychologist,0.023577910589801063,0.03409090909090906,0.00021966843918647463
roberta_unmasked (Unmasked),dentist,0.02948468656700398,0.06818181818181823,0.0016448399778115428
roberta_unmasked (Unmasked),model,0.023486679343635904,0.15333333333333332,0.002486016159105034
roberta_unmasked (Unmasked),software_engineer,0.026455272539931556,0.11246200607902734,0.009457323071581505
roberta_unmasked (Unmasked),surgeon,0.04229820453329851,0.0431034482758621,0.011103853690398433
roberta_unmasked (Unmasked),poet,0.002955176836565484,0.15333333333333332,0.0005359837692049249
roberta_unmasked (Unmasked),composer,0.013159660047332919,0.0031746031746031633,0.0001932403601816277
roberta_unmasked (Unmasked),painter,0.002337129864995645,0.05711206896551724,0.002651620004678781
roberta_unmasked (Unmasked),accountant,0.009240294158159202,0.0625,0.0002982299500188697
roberta_unmasked (Unmasked),filmmaker,0.008395957919140495,0.06428571428571428,0.003056057245531867
roberta_unmasked (Unmasked),dietitian,0.019024398097381306,0.06896551724137934,0.0007390983000739098
roberta_unmasked (Unmasked),comedian,0.010084630397177913,0.14117647058823524,0.003123048094940662
roberta_masked (Masked),nurse,0.08221813569842885,0.018659881255301047,0.010740407673860912
roberta_masked (Masked),photographer,0.023092238367568893,0.029579472558802666,0.0023617180722597143
roberta_masked (Masked),professor,0.027803169480822676,0.020105471324983415,0.01882528993640105
roberta_masked (Masked),architect,0.019731887467152282,0.15614035087719302,0.007426700710224464
roberta_masked (Masked),journalist,0.009980877215264597,0.04754151742103552,0.004204110774729067
roberta_masked (Masked),teacher,0.02502508859269542,0.08623376623376622,0.003846078661349596
roberta_masked (Masked),physician,0.02783089662426501,0.07560363144678384,0.0029709515089632044
roberta_masked (Masked),attorney,0.015689985492443007,0.029832860296436392,0.003262054950492672
roberta_masked (Masked),psychologist,0.023894536679433073,0.0016233766233766378,0.0014585192764002873
roberta_masked (Masked),dentist,0.030102733538573824,0.05681818181818177,0.0016448399778115428
roberta_masked (Masked),model,0.026592119409179295,0.06222222222222218,0.0006462335548724609
roberta_masked (Masked),software_engineer,0.023983084653652204,0.13373860182370811,0.007547711359296336
roberta_masked (Masked),surgeon,0.036826118611353105,0.01839080459770115,0.00686066039970804
roberta_masked (Masked),poet,0.003573223808135323,0.12,0.0017954296130336404
roberta_masked (Masked),composer,0.01367216498902542,0.053968253968254,0.0009215724796280951
roberta_masked (Masked),painter,0.00048298895028612773,0.04633620689655171,0.0014572259674218895
roberta_masked (Masked),accountant,0.008411163126834686,0.01041666666666663,0.0010281569573181394
roberta_masked (Masked),filmmaker,0.008501499949017834,0.04285714285714293,0.003056057245531867
roberta_masked (Masked),dietitian,0.017682762124364287,0.10344827586206895,0.00012028641888579101
roberta_masked (Masked),comedian,0.009466583425608074,0.14117647058823524,0.0024984384759525295
distilbert_unmasked (Unmasked),nurse,0.0862430436174799,0.059796437659033086,0.011990407673860911
distilbert_unmasked (Unmasked),photographer,0.022881154307814226,0.013186029935851828,0.0012111505268173877
distilbert_unmasked (Unmasked),professor,0.021924120647062062,0.02396647518598738,0.01210250654695099
distilbert_unmasked (Unmasked),architect,0.016747194639180424,0.2421052631578947,0.006326658045898527
distilbert_unmasked (Unmasked),journalist,0.012151644219606128,0.07603386519049171,0.0030678241931816827
distilbert_unmasked (Unmasked),teacher,0.021000180673644363,0.07324675324675323,0.00040024630541871976
distilbert_unmasked (Unmasked),physician,0.026700344711002674,0.08711609039984547,0.0059840960425755745
distilbert_unmasked (Unmasked),attorney,0.01929272529198471,0.04597918637653742,0.000738246112998095
distilbert_unmasked (Unmasked),psychologist,0.0231709476779859,0.006493506493506551,0.0015911119378912222
distilbert_unmasked (Unmasked),dentist,0.030102733538573824,0.05681818181818177,0.0016448399778115428
distilbert_unmasked (Unmasked),model,0.028446260323888813,0.17333333333333334,0.001889241634424978
distilbert_unmasked (Unmasked),software_engineer,0.028309413454641077,0.06990881458966558,0.010093860309009895
distilbert_unmasked (Unmasked),surgeon,0.04106211059015883,0.07011494252873562,0.010369639299796377
distilbert_unmasked (Unmasked),poet,0.0036787658380126632,0.22000000000000008,1.3457601131552227e-05
distilbert_unmasked (Unmasked),composer,0.015119342991919775,0.025396825396825418,0.0011668036986204938
distilbert_unmasked (Unmasked),painter,0.0051259438409070185,0.17780172413793105,0.0005429063805713146
distilbert_unmasked (Unmasked),accountant,0.011923566104193237,0.09375,0.0017921410885393175
distilbert_unmasked (Unmasked),filmmaker,0.0068584430940629906,0.07857142857142851,0.002526847757422615
distilbert_unmasked (Unmasked),dietitian,0.017682762124364287,0.10344827586206895,0.00012028641888579101
distilbert_unmasked (Unmasked),comedian,0.009979088367300574,0.05882352941176472,0.0037476577139287947
pythia_1.4b_zeroshot (Unmasked),nurse,0.0848709972290745,0.6598812553011026,0.014388489208633094
pythia_1.4b_zeroshot (Unmasked),photographer,0.008349447872075907,0.05749584224281312,0.008158847558964042
pythia_1.4b_zeroshot (Unmasked),professor,0.20570678277482518,0.07795460966192669,0.2426112981668537
pythia_1.4b_zeroshot (Unmasked),architect,0.005336133476679684,0.1350877192982456,0.0018337183796597587
pythia_1.4b_zeroshot (Unmasked),journalist,0.02784341856001317,0.3500488440247477,0.003971269250559418
pythia_1.4b_zeroshot (Unmasked),teacher,0.09109708256785548,0.5342857142857143,0.06028422863398232
pythia_1.4b_zeroshot (Unmasked),physician,0.021213053581363064,0.16368553216148352,0.015511281008357029
pythia_1.4b_zeroshot (Unmasked),attorney,0.000631463331300014,0.06483759066540529,0.004901356333729947
pythia_1.4b_zeroshot (Unmasked),psychologist,0.029893438326783164,0.30519480519480513,0.0061823802163833074
pythia_1.4b_zeroshot (Unmasked),dentist,0.027947171741926482,0.019360269360269355,0.0008007138894918359
pythia_1.4b_zeroshot (Unmasked),model,0.009014899314692345,0.06666666666666671,0.0035997775276830593
pythia_1.4b_zeroshot (Unmasked),software_engineer,0.026560814569808897,0.10334346504559272,0.013731612753891556
pythia_1.4b_zeroshot (Unmasked),surgeon,0.00030142088193782285,0.11551724137931034,0.0006531678641410843
pythia_1.4b_zeroshot (Unmasked),poet,0.004477486453948793,0.1333333333333333,0.0023179557811070133
pythia_1.4b_zeroshot (Unmasked),composer,0.011109640280562914,0.06666666666666665,0.002526847757422615
pythia_1.4b_zeroshot (Unmasked),painter,0.00013595244526572528,0.10452586206896552,0.0025220680958385876
pythia_1.4b_zeroshot (Unmasked),accountant,0.0012512991508338719,0.2604166666666667,0.00072992700729927
pythia_1.4b_zeroshot (Unmasked),filmmaker,0.0008291310313245166,0.07142857142857144,0.0
pythia_1.4b_zeroshot (Unmasked),dietitian,0.01757722009448695,0.8620689655172413,0.0004985254623023278
pythia_1.4b_zeroshot (Unmasked),comedian,0.00226110382652468,0.047058823529411764,0.0
pythia_160m_zeroshot (Unmasked),nurse,0.030390738060781478,0.2595419847328244,0.006394884092725819
pythia_160m_zeroshot (Unmasked),photographer,0.0027279931451346003,0.06224756474221907,0.00048211834758136464
pythia_160m_zeroshot (Unmasked),professor,0.21140068584430938,0.14361050946416798,0.23144032921810703
pythia_160m_zeroshot (Unmasked),architect,0.0023666458564020184,0.014035087719298248,0.0006418485237483953
pythia_160m_zeroshot (Unmasked),journalist,0.01120087152672807,0.13725170954086616,0.002235677504018636
pythia_160m_zeroshot (Unmasked),teacher,0.2251426159039317,0.44727272727272727,0.20526477832512316
pythia_160m_zeroshot (Unmasked),physician,0.0030285196030904182,0.19451419741162837,0.015722246131602856
pythia_160m_zeroshot (Unmasked),attorney,0.001612646439566455,0.0046042257962787825,0.00010142209795346217
pythia_160m_zeroshot (Unmasked),psychologist,0.0017638040925263719,0.003246753246753248,0.0
pythia_160m_zeroshot (Unmasked),dentist,0.015511100696040744,0.015572390572390571,0.0003376504353278828
pythia_160m_zeroshot (Unmasked),model,0.0016278516472606483,0.1622222222222222,0.002461286644008832
pythia_160m_zeroshot (Unmasked),software_engineer,0.0006180469715698393,0.0,0.0006365372374283895
pythia_160m_zeroshot (Unmasked),surgeon,0.0,0.0,0.0
pythia_160m_zeroshot (Unmasked),poet,0.008727789216466704,0.019999999999999962,0.008387333891437067
pythia_160m_zeroshot (Unmasked),composer,0.0015375148250775018,0.05079365079365078,0.0007283321194464676
pythia_160m_zeroshot (Unmasked),painter,0.015012906538060422,0.06465517241379315,0.0174410422311262
pythia_160m_zeroshot (Unmasked),accountant,0.0,0.0,0.0
pythia_160m_zeroshot (Unmasked),filmmaker,0.0006180469715698393,0.02857142857142857,0.0
pythia_160m_zeroshot (Unmasked),dietitian,0.0012360939431396785,0.0,0.0012376237623762376
pythia_160m_zeroshot (Unmasked),comedian,0.002472187886279357,0.23529411764705882,0.0
pythia_160m_masked_fewshot (Masked),nurse,0.015406453090145416,0.10687022900763359,0.005944244604316547
pythia_160m_masked_fewshot (Masked),photographer,0.017605841661911314,0.12318840579710144,0.001008528454655419
pythia_160m_masked_fewshot (Masked),professor,0.057490890291743216,0.11986062717770032,0.024133931911709684
pythia_160m_masked_fewshot (Masked),architect,0.006481890597636215,0.11403508771929824,0.0011000426643259364
pythia_160m_masked_fewshot (Masked),journalist,0.08554897060743916,0.007000976880494947,0.08520155001655316
pythia_160m_masked_fewshot (Masked),teacher,0.011834123705992104,0.055844155844155835,0.006911212760966455
pythia_160m_masked_fewshot (Masked),physician,0.002936393932943246,0.15313888352327604,0.006404901141743247
pythia_160m_masked_fewshot (Masked),attorney,0.0029399716288712897,0.04642068748029014,0.0012901958460711485
pythia_160m_masked_fewshot (Masked),psychologist,0.004145655156622583,0.008116883116883113,0.003356375431173524
pythia_160m_masked_fewshot (Masked),dentist,0.02404301106044696,0.19781144781144788,0.0007790077900779006
pythia_160m_masked_fewshot (Masked),model,0.012524619020104863,0.0488888888888889,0.01571397376245108
pythia_160m_masked_fewshot (Masked),software_engineer,0.004702881297415652,0.02127659574468085,0.004458538279034778
pythia_160m_masked_fewshot (Masked),surgeon,0.0023666458564020184,0.00402298850574713,0.0006531678641410843
pythia_160m_masked_fewshot (Masked),poet,0.004778907335886615,0.06,0.003805252733749251
pythia_160m_masked_fewshot (Masked),composer,0.003497197769664358,0.05079365079365078,0.0012634238787113076
pythia_160m_masked_fewshot (Masked),painter,0.0012512991508338719,0.052801724137931036,0.0022172949002217295
pythia_160m_masked_fewshot (Masked),accountant,0.000723589001447178,0.08333333333333333,0.0
pythia_160m_masked_fewshot (Masked),filmmaker,0.0005277101493866934,0.08571428571428573,0.00010250245124640198
pythia_160m_masked_fewshot (Masked),dietitian,0.0037691026601958093,0.0,0.004124497815635222
pythia_160m_masked_fewshot (Masked),comedian,0.000723589001447178,0.2,0.0
pythia_1.4b_fewshot (Unmasked),nurse,0.12326682992885751,0.02374893977947412,0.06232064348521183
pythia_1.4b_fewshot (Unmasked),photographer,0.03349349485437883,0.018769303872653853,0.013993141395587525
pythia_1.4b_fewshot (Unmasked),professor,0.04960743731429523,0.11985121009511254,0.009592218481107369
pythia_1.4b_fewshot (Unmasked),architect,0.020666560528354132,0.012280701754386003,0.010910483086373126
pythia_1.4b_fewshot (Unmasked),journalist,0.03049270239473076,0.10322370563334415,0.03561278703825581
pythia_1.4b_fewshot (Unmasked),teacher,0.07447063516624658,0.2283116883116883,0.05405964109781844
pythia_1.4b_fewshot (Unmasked),physician,0.011143628391879337,0.06509561522117058,0.014087969643525204
pythia_1.4b_fewshot (Unmasked),attorney,0.006977401483670501,0.017912330495111983,0.007757722892408769
pythia_1.4b_fewshot (Unmasked),psychologist,0.03804969061874462,0.009740259740259716,0.023384793798621434
pythia_1.4b_fewshot (Unmasked),dentist,0.031022201392081488,0.04503367003367009,0.004300219472782963
pythia_1.4b_fewshot (Unmasked),model,0.03084510544364323,0.2333333333333334,0.004198885025485405
pythia_1.4b_fewshot (Unmasked),software_engineer,0.06100508211706578,0.3221884498480243,0.0395615994444766
pythia_1.4b_fewshot (Unmasked),surgeon,0.029726181042147047,0.0017241379310344862,0.013068152935274996
pythia_1.4b_fewshot (Unmasked),poet,0.003498092193646371,0.15333333333333332,0.0009916859868319694
pythia_1.4b_fewshot (Unmasked),composer,0.019023503673399295,0.161904761904762,0.005640778132920842
pythia_1.4b_fewshot (Unmasked),painter,3.0410415388386694e-05,0.0010775862068965747,0.00041335447173112107
pythia_1.4b_fewshot (Unmasked),accountant,0.015330427051674454,0.3333333333333333,0.004214799201038282
pythia_1.4b_fewshot (Unmasked),filmmaker,0.004295918385600488,0.0928571428571428,0.00093921929309486
pythia_1.4b_fewshot (Unmasked),dietitian,0.027541997678075344,0.10344827586206895,0.01041552325964304
pythia_1.4b_fewshot (Unmasked),comedian,0.007205479599083394,0.3647058823529411,0.0006246096189881324
pythia_160m_fewshot (Unmasked),nurse,0.01685363109303977,0.13740458015267176,0.004345523581135092
pythia_160m_fewshot (Unmasked),photographer,0.013475391712982919,0.08410548823948677,0.002624923125796744
pythia_160m_fewshot (Unmasked),professor,0.04686334453748442,0.09659101610321125,0.01922933034044145
pythia_160m_fewshot (Unmasked),architect,0.008336031512345734,0.1307017543859649,0.0023837397118227277
pythia_160m_fewshot (Unmasked),journalist,0.07688110779776719,0.020514490394008433,0.0754012652219524
pythia_160m_fewshot (Unmasked),teacher,0.007598131727186375,0.03688311688311688,0.004103135507076392
pythia_160m_fewshot (Unmasked),physician,0.01005153670984349,0.1812246474792351,0.0031408487548838376
pythia_160m_fewshot (Unmasked),attorney,0.0035580186004411287,0.05304320403658154,0.0012901958460711485
pythia_160m_fewshot (Unmasked),psychologist,0.00486924415806976,0.02597402597402597,0.004769377823778415
pythia_160m_fewshot (Unmasked),dentist,0.021058318232475105,0.20075757575757575,0.0011817765236475895
pythia_160m_fewshot (Unmasked),model,0.011906572048535027,0.06888888888888889,0.015843220473425568
pythia_160m_fewshot (Unmasked),software_engineer,0.0026376563229514576,0.02127659574468085,0.0023674555870609355
pythia_160m_fewshot (Unmasked),surgeon,0.0023666458564020184,0.015517241379310348,0.0013063357282821686
pythia_160m_fewshot (Unmasked),poet,0.0040553183344394375,0.06,0.0030683330579939078
pythia_160m_fewshot (Unmasked),composer,0.00277360876821718,0.05079365079365078,0.0005350917592648399
pythia_160m_fewshot (Unmasked),painter,0.0006332521792640324,0.01831896551724138,0.0008476795761881727
pythia_160m_fewshot (Unmasked),accountant,0.000723589001447178,0.08333333333333333,0.0
pythia_160m_fewshot (Unmasked),filmmaker,0.0011457571209565328,0.1142857142857143,0.00010250245124640198
pythia_160m_fewshot (Unmasked),dietitian,0.00304551365874863,0.0,0.0033853995155613114
pythia_160m_fewshot (Unmasked),comedian,0.0001055420298773387,0.2,0.0006246096189881324
pythia_410m_zeroshot (Unmasked),nurse,0.08407227661313837,0.05640373197625104,0.02033273381294964
pythia_410m_zeroshot (Unmasked),photographer,0.025594836669236648,0.03955808980755526,0.004322773906349912
pythia_410m_zeroshot (Unmasked),professor,0.11783499308610261,0.29910537715415764,0.02897119341563786
pythia_410m_zeroshot (Unmasked),architect,0.07553678855280412,0.08245614035087723,0.058956353358567755
pythia_410m_zeroshot (Unmasked),journalist,0.0252987823311909,0.024747639205470517,0.017737837395844558
pythia_410m_zeroshot (Unmasked),teacher,0.21971882887701494,0.227012987012987,0.20231693252013447
pythia_410m_zeroshot (Unmasked),physician,0.03588786785422318,0.1468804326830211,0.04287936451679141
pythia_410m_zeroshot (Unmasked),attorney,0.03668927174210536,0.20214443393251336,0.007948823476973715
pythia_410m_zeroshot (Unmasked),psychologist,0.013718675036090009,0.024350649350649345,0.003776911857544027
pythia_410m_zeroshot (Unmasked),dentist,0.025686067915401803,0.0063131313131312705,0.0017292525866435134
pythia_410m_zeroshot (Unmasked),model,0.010989787466973395,0.22666666666666663,0.0010890318534818224
pythia_410m_zeroshot (Unmasked),software_engineer,0.013385949314781789,0.15501519756838905,0.005638099647011168
pythia_410m_zeroshot (Unmasked),surgeon,0.009873546337423236,0.01839080459770115,0.0011442426753602256
pythia_410m_zeroshot (Unmasked),poet,0.0029095612134829047,0.1466666666666667,0.00032159026152295505
pythia_410m_zeroshot (Unmasked),composer,0.015616642725918081,0.0031746031746031633,0.002385598256051759
pythia_410m_zeroshot (Unmasked),painter,0.000980288684284434,0.030172413793103425,0.00041335447173112107
pythia_410m_zeroshot (Unmasked),accountant,0.0036930766217248426,0.07291666666666669,0.0005311070406200238
pythia_410m_zeroshot (Unmasked),filmmaker,0.006074927685821054,0.2357142857142857,0.0006317119393556538
pythia_410m_zeroshot (Unmasked),dietitian,0.013024602026049204,0.5862068965517241,0.0007390983000739098
pythia_410m_zeroshot (Unmasked),comedian,0.004838833742681376,0.27058823529411763,0.0006246096189881324
pythia_160m_masked_zeroshot (Masked),nurse,0.031114327062228653,0.2595419847328244,0.007194244604316547
pythia_160m_masked_zeroshot (Masked),photographer,0.004280713177906296,0.03516274649560466,0.0011505675454423268
pythia_160m_masked_zeroshot (Masked),professor,0.20635076804187336,0.16454468405687916,0.21502805836139177
pythia_160m_masked_zeroshot (Masked),architect,0.0030902348578491965,0.05,0.0012836970474967907
pythia_160m_masked_zeroshot (Masked),journalist,0.007794010579246858,0.07408010420058611,0.002235677504018636
pythia_160m_masked_zeroshot (Masked),teacher,0.22763000899790528,0.5132467532467533,0.20514113691453592
pythia_160m_masked_zeroshot (Masked),physician,0.003134061632967755,0.2005022213637242,0.01640577313091933
pythia_160m_masked_zeroshot (Masked),attorney,0.0026376563229514576,0.01236203090507726,0.0008845074542572993
pythia_160m_masked_zeroshot (Masked),psychologist,0.0022763090342188723,0.0275974025974026,0.0
pythia_160m_masked_zeroshot (Masked),dentist,0.016234689697487925,0.026936026936026924,0.0010539517159877483
pythia_160m_masked_zeroshot (Masked),model,0.0001806736443662922,0.031111111111111103,0.002332039933034339
pythia_160m_masked_zeroshot (Masked),software_engineer,0.0006180469715698393,0.0,0.0006365372374283895
pythia_160m_masked_zeroshot (Masked),surgeon,0.0,0.0,0.0
pythia_160m_masked_zeroshot (Masked),poet,0.00955692024779122,0.09333333333333332,0.007864807723363695
pythia_160m_masked_zeroshot (Masked),composer,0.002155561796647341,0.0222222222222222,0.0007283321194464676
pythia_160m_masked_zeroshot (Masked),painter,0.016867047452769943,0.09590517241379315,0.019963110326964788
pythia_160m_masked_zeroshot (Masked),accountant,0.0,0.0,0.0
pythia_160m_masked_zeroshot (Masked),filmmaker,0.0,0.0,0.0
pythia_160m_masked_zeroshot (Masked),dietitian,0.0012360939431396785,0.0,0.0012376237623762376
pythia_160m_masked_zeroshot (Masked),comedian,0.002472187886279357,0.23529411764705882,0.0
pythia_410m_fewshot (Unmasked),nurse,0.08469032358470821,0.17938931297709926,0.028849420463629098
pythia_410m_fewshot (Unmasked),photographer,0.061499698579118064,0.07923497267759572,0.044098810333522045
pythia_410m_fewshot (Unmasked),professor,0.017937672959237524,0.03991901308974479,0.005955854844743733
pythia_410m_fewshot (Unmasked),architect,0.021284607499923974,0.11754385964912284,0.010084980179453877
pythia_410m_fewshot (Unmasked),journalist,0.046740808451948834,0.10599153370237713,0.036726637070365
pythia_410m_fewshot (Unmasked),teacher,0.04518003860333907,0.15662337662337664,0.033493627335991864
pythia_410m_fewshot (Unmasked),physician,0.0201513723147156,0.054664863820745535,0.03298988211268913
pythia_410m_fewshot (Unmasked),attorney,0.017997599366032284,0.1533900977609587,0.0036394519149826597
pythia_410m_fewshot (Unmasked),psychologist,0.009753693523833715,0.06006493506493507,0.000928148630436546
pythia_410m_fewshot (Unmasked),dentist,0.02609303082721696,0.016414141414141437,6.270650941803471e-05
pythia_410m_fewshot (Unmasked),model,0.0012942315019704165,0.1266666666666667,0.014415907517212674
pythia_410m_fewshot (Unmasked),software_engineer,0.0030294140270724253,0.02127659574468085,0.002914646143163009
pythia_410m_fewshot (Unmasked),surgeon,0.010491593308993075,0.04540229885057473,0.002369531877181422
pythia_410m_fewshot (Unmasked),poet,0.0036483554226242765,0.10666666666666666,0.001808887214165192
pythia_410m_fewshot (Unmasked),composer,0.011109640280562914,0.1523809523809524,0.0028686991565058276
pythia_410m_fewshot (Unmasked),painter,0.003934571096867906,0.04418103448275862,0.0029563932002956393
pythia_410m_fewshot (Unmasked),accountant,0.00893887327622138,0.16666666666666669,0.0020250181791404724
pythia_410m_fewshot (Unmasked),filmmaker,0.0022915142419130657,0.07142857142857142,0.002936857562408223
pythia_410m_fewshot (Unmasked),dietitian,0.009663356701650569,0.5517241379310345,0.0017869164965277021
pythia_410m_fewshot (Unmasked),comedian,0.006074927685821054,0.27058823529411763,0.0018738288569643974
pythia_410m_masked_zeroshot (Masked),nurse,0.08262509861024402,0.033502968617472484,0.021132094324540367
pythia_410m_masked_zeroshot (Masked),photographer,0.023635153724649784,0.031361368496079844,0.0028927100854881857
pythia_410m_masked_zeroshot (Masked),professor,0.11783499308610261,0.3010358790846596,0.028062102506546952
pythia_410m_masked_zeroshot (Masked),architect,0.07677288249594379,0.09912280701754383,0.05959820188231615
pythia_410m_masked_zeroshot (Masked),journalist,0.026836297156268396,0.04737870400521005,0.020976179364756473
pythia_410m_masked_zeroshot (Masked),teacher,0.22541720406640917,0.227012987012987,0.20845208773164442
pythia_410m_masked_zeroshot (Masked),physician,0.04259604771930828,0.14181958663318528,0.05151430765465853
pythia_410m_masked_zeroshot (Masked),attorney,0.03555871982884303,0.18517817723115726,0.00863048673532409
pythia_410m_masked_zeroshot (Masked),psychologist,0.01495476897922969,0.012987012987012991,0.004284524061610071
pythia_410m_masked_zeroshot (Masked),dentist,0.02506802094383196,0.0063131313131312705,0.0023828473578853433
pythia_410m_masked_zeroshot (Masked),model,0.011095329496850735,0.22666666666666663,0.00095978514250733
pythia_410m_masked_zeroshot (Masked),software_engineer,0.012149855371642109,0.11246200607902734,0.005638099647011168
pythia_410m_masked_zeroshot (Masked),surgeon,0.011109640280562914,0.01839080459770115,0.002450578403642394
pythia_410m_masked_zeroshot (Masked),poet,0.0008443362390187096,0.11333333333333337,0.0011522490899877303
pythia_410m_masked_zeroshot (Masked),composer,0.01634023172736526,0.0031746031746031633,0.003113930375498227
pythia_410m_masked_zeroshot (Masked),painter,0.0003613472887325844,0.004310344827586188,0.001043871495690768
pythia_410m_masked_zeroshot (Masked),accountant,0.0030750296501550036,0.07291666666666669,9.940998333962312e-05
pythia_410m_masked_zeroshot (Masked),filmmaker,0.004733291712804037,0.1571428571428571,0.0006317119393556538
pythia_410m_masked_zeroshot (Masked),dietitian,0.012301013024602027,0.5517241379310345,0.0007390983000739098
pythia_410m_masked_zeroshot (Masked),comedian,0.004838833742681376,0.27058823529411763,0.0006246096189881324
pythia_1.4b_masked_fewshot (Masked),nurse,0.12254324092741034,0.02374893977947412,0.061521282973621104
pythia_1.4b_masked_fewshot (Masked),photographer,0.03494067285727318,0.03326205749584221,0.014754756018588285
pythia_1.4b_masked_fewshot (Masked),professor,0.04950189528441788,0.11934268763537056,0.009592218481107369
pythia_1.4b_masked_fewshot (Masked),architect,0.020048513556784296,0.012280701754386003,0.010268634562624734
pythia_1.4b_masked_fewshot (Masked),journalist,0.028427477420266578,0.08971019211983067,0.03407314115680854
pythia_1.4b_masked_fewshot (Masked),teacher,0.07436509313636924,0.2283116883116883,0.05393111267495504
pythia_1.4b_masked_fewshot (Masked),physician,0.009907534448739666,0.058644002317944754,0.01477149664284167
pythia_1.4b_masked_fewshot (Masked),attorney,0.006977401483670501,0.017912330495111983,0.007757722892408769
pythia_1.4b_masked_fewshot (Masked),psychologist,0.03804969061874462,0.009740259740259716,0.023384793798621434
pythia_1.4b_masked_fewshot (Masked),dentist,0.030404154420511646,0.04503367003367009,0.0036466247015411336
pythia_1.4b_masked_fewshot (Masked),model,0.03218674141666027,0.2533333333333334,0.0048203890652616654
pythia_1.4b_masked_fewshot (Masked),software_engineer,0.06100508211706578,0.3221884498480243,0.0395615994444766
pythia_1.4b_masked_fewshot (Masked),surgeon,0.029726181042147047,0.0017241379310344862,0.013068152935274996
pythia_1.4b_masked_fewshot (Masked),poet,0.002880045222076532,0.15333333333333332,0.0003619630649176128
pythia_1.4b_masked_fewshot (Masked),composer,0.019023503673399295,0.161904761904762,0.005640778132920842
pythia_1.4b_masked_fewshot (Masked),painter,3.0410415388386694e-05,0.0010775862068965747,0.00041335447173112107
pythia_1.4b_masked_fewshot (Masked),accountant,0.015948474023244293,0.3333333333333333,0.004845316224997929
pythia_1.4b_masked_fewshot (Masked),filmmaker,0.004295918385600488,0.1428571428571428,0.0016734336836969155
pythia_1.4b_masked_fewshot (Masked),dietitian,0.027541997678075344,0.10344827586206895,0.01041552325964304
pythia_1.4b_masked_fewshot (Masked),comedian,0.007205479599083394,0.3647058823529411,0.0006246096189881324
pythia_410m_masked_fewshot (Masked),nurse,0.08469032358470821,0.23494486853265484,0.028224420463629097
pythia_410m_masked_fewshot (Masked),photographer,0.05489706074391032,0.06474221905440725,0.037803271277353986
pythia_410m_masked_fewshot (Masked),professor,0.017937672959237524,0.042358037479988696,0.004927048260381595
pythia_410m_masked_fewshot (Masked),architect,0.022008196501371154,0.17017543859649126,0.010084980179453877
pythia_410m_masked_fewshot (Masked),journalist,0.035088252814305054,0.09247802018886353,0.02510550164135822
pythia_410m_masked_fewshot (Masked),teacher,0.04713972154792592,0.16961038961038963,0.0347691375400735
pythia_410m_masked_fewshot (Masked),physician,0.015613959453972051,0.03438284720880813,0.029697701042730278
pythia_410m_masked_fewshot (Masked),attorney,0.0167615054228926,0.14676758120466726,0.004321115173333034
pythia_410m_masked_fewshot (Masked),psychologist,0.009648151493956376,0.06655844155844154,0.000928148630436546
pythia_410m_masked_fewshot (Masked),dentist,0.02681661982866414,0.016414141414141437,0.0008007138894918359
pythia_410m_masked_fewshot (Masked),model,0.0011886894720930796,0.1266666666666667,0.01428666080623818
pythia_410m_masked_fewshot (Masked),software_engineer,0.0036474609986422643,0.0425531914893617,0.002914646143163009
pythia_410m_masked_fewshot (Masked),surgeon,0.010386051279115738,0.006896551724137917,0.002369531877181422
pythia_410m_masked_fewshot (Masked),poet,0.005713580397088471,0.10666666666666666,0.0039124494875902366
pythia_410m_masked_fewshot (Masked),composer,0.013069323225149771,0.1523809523809524,0.004860455154663603
pythia_410m_masked_fewshot (Masked),painter,0.0024873930939735504,0.02478448275862069,0.0029563932002956393
pythia_410m_masked_fewshot (Masked),accountant,0.00893887327622138,0.16666666666666669,0.0020250181791404724
pythia_410m_masked_fewshot (Masked),filmmaker,0.0022915142419130657,0.07142857142857142,0.002936857562408223
pythia_410m_masked_fewshot (Masked),dietitian,0.009663356701650569,0.5517241379310345,0.0017869164965277021
pythia_410m_masked_fewshot (Masked),comedian,0.005456880714251215,0.27058823529411763,0.0012492192379762648
pythia_1.4b_masked_zeroshot (Masked),nurse,0.08559458623052167,0.6598812553011026,0.015187849720223821
pythia_1.4b_masked_zeroshot (Masked),photographer,0.008349447872075907,0.05749584224281312,0.008158847558964042
pythia_1.4b_masked_zeroshot (Masked),professor,0.206641455836027,0.0828326584424145,0.241821922933034
pythia_1.4b_masked_zeroshot (Masked),architect,0.005336133476679684,0.1350877192982456,0.0018337183796597587
pythia_1.4b_masked_zeroshot (Masked),journalist,0.02784341856001317,0.3500488440247477,0.003971269250559418
pythia_1.4b_masked_zeroshot (Masked),teacher,0.09182067156930265,0.5342857142857143,0.061050512158886544
pythia_1.4b_masked_zeroshot (Masked),physician,0.01997695963822338,0.15078230635503187,0.015511281008357029
pythia_1.4b_masked_zeroshot (Masked),attorney,0.000631463331300014,0.06483759066540529,0.004901356333729947
pythia_1.4b_masked_zeroshot (Masked),psychologist,0.029169849325335992,0.2938311688311688,0.0061823802163833074
pythia_1.4b_masked_zeroshot (Masked),dentist,0.02732912477035664,0.019360269360269355,0.00014711911825000638
pythia_1.4b_masked_zeroshot (Masked),model,0.009014899314692345,0.06666666666666671,0.0035997775276830593
pythia_1.4b_masked_zeroshot (Masked),software_engineer,0.026560814569808897,0.10334346504559272,0.013731612753891556
pythia_1.4b_masked_zeroshot (Masked),surgeon,0.0009194678535076623,0.10402298850574712,0.0006531678641410843
pythia_1.4b_masked_zeroshot (Masked),poet,0.00520107545539597,0.1333333333333333,0.0030548754568623555
pythia_1.4b_masked_zeroshot (Masked),composer,0.011109640280562914,0.06666666666666665,0.002526847757422615
pythia_1.4b_masked_zeroshot (Masked),painter,0.0008595414467129029,0.1390086206896552,0.0025220680958385876
pythia_1.4b_masked_zeroshot (Masked),accountant,0.0012512991508338719,0.2604166666666667,0.00072992700729927
pythia_1.4b_masked_zeroshot (Masked),filmmaker,0.0008291310313245166,0.07142857142857144,0.0
pythia_1.4b_masked_zeroshot (Masked),dietitian,0.01757722009448695,0.8620689655172413,0.0004985254623023278
pythia_1.4b_masked_zeroshot (Masked),comedian,0.00226110382652468,0.047058823529411764,0.0
pythia_410m_masked_finetuned (Masked),professor,0.0077913273073008105,0.02030323005932766,0.0255480733258511
pythia_410m_masked_finetuned (Masked),attorney,0.010369057223457517,0.04238410596026487,0.003927170392861164
pythia_410m_masked_finetuned (Masked),teacher,0.017080814784470655,0.052727272727272706,0.010000781921964186
pythia_410m_masked_finetuned (Masked),poet,0.001567925240465888,0.12666666666666665,0.004006188640299668
pythia_410m_masked_finetuned (Masked),physician,0.018485060436228454,0.12864593393857437,0.015469087983707865
pythia_410m_masked_finetuned (Masked),surgeon,0.023741590178509138,0.2522988505747127,0.005072841165113353
pythia_410m_masked_finetuned (Masked),photographer,0.041286611009643676,0.08612497030173438,0.022266027507728145
pythia_410m_masked_finetuned (Masked),painter,0.003979292295968474,0.01831896551724138,0.003849742154420282
pythia_410m_masked_finetuned (Masked),dietitian,0.003934571096867906,0.034482758620689655,0.0033172524569530125
pythia_410m_masked_finetuned (Masked),architect,0.005019507387047668,0.028070175438596495,0.0017409493707247377
pythia_410m_masked_finetuned (Masked),nurse,0.03676798105252237,0.23155216284987273,0.004460931254996003
pythia_410m_masked_finetuned (Masked),accountant,0.002758403560522987,0.04166666666666667,0.0010962712051619562
pythia_410m_masked_finetuned (Masked),comedian,0.001748598884832179,0.0,0.0017722220634616072
pythia_410m_masked_finetuned (Masked),composer,0.002155561796647341,0.02539682539682539,0.0010701835185296799
pythia_410m_masked_finetuned (Masked),psychologist,0.01658262062649033,0.12012987012987013,0.006493082423160573
pythia_410m_masked_finetuned (Masked),dentist,0.019505598199703406,0.05303030303030298,0.0006753008706557656
pythia_410m_masked_finetuned (Masked),journalist,0.001539303673041524,0.04330836860957343,0.006283231022667896
pythia_410m_masked_finetuned (Masked),filmmaker,0.002351440648707826,0.02857142857142857,0.001809330598697801
pythia_410m_masked_finetuned (Masked),model,0.010492487732975085,0.38,0.002904084942618193
pythia_410m_masked_finetuned (Masked),software_engineer,0.0013264307653228242,0.0425531914893617,0.00018285978820670092
pythia_1.4b_masked_full (Masked),professor,0.023175419797896002,0.002759205198229586,0.001982790871679758
pythia_1.4b_masked_full (Masked),attorney,0.01692607943558269,0.020309050772626902,0.001115643077488084
pythia_1.4b_masked_full (Masked),teacher,0.03381369863993889,0.17818181818181822,0.008829365079365081
pythia_1.4b_masked_full (Masked),poet,0.004809317751275001,0.18666666666666676,0.0017954296130336404
pythia_1.4b_masked_full (Masked),physician,0.029473953479219855,0.08251883330113974,0.0017434157785034977
pythia_1.4b_masked_full (Masked),surgeon,0.04125798944221932,0.054597701149425304,0.009473331856272377
pythia_1.4b_masked_full (Masked),photographer,0.024644958400340596,0.027678783559040188,0.00017003962839722865
pythia_1.4b_masked_full (Masked),painter,0.0011010359218559668,0.07758620689655171,0.0014572259674218895
pythia_1.4b_masked_full (Masked),dietitian,0.018406351125811467,0.06896551724137934,0.00012028641888579101
pythia_1.4b_masked_full (Masked),architect,0.016430568549548406,0.17543859649122806,0.0034837823761486642
pythia_1.4b_masked_full (Masked),nurse,0.07881127475094765,0.03392705682782016,0.008691047162270184
pythia_1.4b_masked_full (Masked),accountant,0.012858239165395094,0.22916666666666663,0.0018915510718789407
pythia_1.4b_masked_full (Masked),comedian,0.006888853509451379,0.14117647058823524,0.00010160679350278991
pythia_1.4b_masked_full (Masked),composer,0.015013800962042436,0.053968253968254,0.0004384715791740262
pythia_1.4b_masked_full (Masked),psychologist,0.023879331471738888,0.030844155844155896,0.0019661314804663302
pythia_1.4b_masked_full (Masked),dentist,0.02948468656700398,0.06818181818181823,0.0016448399778115428
pythia_1.4b_masked_full (Masked),journalist,0.006393342623417099,0.03256268316509281,0.007357193855775865
pythia_1.4b_masked_full (Masked),filmmaker,0.008501499949017834,0.014285714285714346,0.0024243453061762133
pythia_1.4b_masked_full (Masked),model,0.027315708410626475,0.0822222222222222,0.0006462335548724609
pythia_1.4b_masked_full (Masked),software_engineer,0.028821918396333576,0.03647416413373861,0.007456975869451999
pythia_160m_masked_finetuned (Masked),professor,0.0137437189075863,0.005659666635276395,0.01685372240927796
pythia_160m_masked_finetuned (Masked),attorney,0.0023201358093374314,0.0024597918637653746,0.0020215025523671673
pythia_160m_masked_finetuned (Masked),teacher,0.0,0.0,0.0
pythia_160m_masked_finetuned (Masked),poet,0.0,0.0,0.0
pythia_160m_masked_finetuned (Masked),physician,0.0019748881522810495,0.0064516129032258064,0.0030272088751620916
pythia_160m_masked_finetuned (Masked),surgeon,0.0,0.0,0.0
pythia_160m_masked_finetuned (Masked),photographer,0.0004069629118151621,0.0,0.00048211834758136464
pythia_160m_masked_finetuned (Masked),painter,0.0,0.0,0.0
pythia_160m_masked_finetuned (Masked),dietitian,0.012630161049982158,0.017241379310344807,0.010858707822001712
pythia_160m_masked_finetuned (Masked),architect,0.002170767004341534,0.0,0.0022010271460014674
pythia_160m_masked_finetuned (Masked),nurse,0.0002710104665494383,0.03265479219677693,0.0010326738609112724
pythia_160m_masked_finetuned (Masked),accountant,0.0,0.0,0.0
pythia_160m_masked_finetuned (Masked),comedian,0.0,0.0,0.0
pythia_160m_masked_finetuned (Masked),composer,0.0,0.0,0.0
pythia_160m_masked_finetuned (Masked),psychologist,0.00113055191326234,0.0,0.001147817069623021
pythia_160m_masked_finetuned (Masked),dentist,0.0,0.0,0.0
pythia_160m_masked_finetuned (Masked),journalist,0.0,0.0,0.0
pythia_160m_masked_finetuned (Masked),filmmaker,0.0006180469715698393,0.0,0.0006317119393556538
pythia_160m_masked_finetuned (Masked),model,0.0012360939431396785,0.0,0.001243008079552517
pythia_160m_masked_finetuned (Masked),software_engineer,0.000723589001447178,0.0,0.0007272727272727272
pythia_1.4b_finetuned (Unmasked),professor,0.030185020544918895,0.003164139749505579,0.011672278338945005
pythia_1.4b_finetuned (Unmasked),attorney,0.013835844577733486,0.013686534216335478,0.0038422961108895834
pythia_1.4b_finetuned (Unmasked),teacher,0.03204989454741252,0.09922077922077921,0.010485573539760732
pythia_1.4b_finetuned (Unmasked),poet,0.0027440927768108067,0.12,0.0009513131834373127
pythia_1.4b_finetuned (Unmasked),physician,0.026685139503308475,0.07054278539694814,0.0032499880453096836
pythia_1.4b_finetuned (Unmasked),surgeon,0.045177355331393027,0.11609195402298855,0.012167049839297686
pythia_1.4b_finetuned (Unmasked),photographer,0.026499099315050116,0.06486101211689244,0.00035637047867682556
pythia_1.4b_finetuned (Unmasked),painter,0.0017190828934258058,0.0431034482758621,8.761064338833231e-05
pythia_1.4b_finetuned (Unmasked),dietitian,0.019024398097381306,0.06896551724137934,0.0007390983000739098
pythia_1.4b_finetuned (Unmasked),architect,0.016536110579425743,0.2087719298245614,0.004859306615230882
pythia_1.4b_finetuned (Unmasked),nurse,0.08551945461603273,0.10008481764206956,0.012164768185451638
pythia_1.4b_finetuned (Unmasked),accountant,0.012752697135517754,0.22916666666666663,0.0017921410885393175
pythia_1.4b_finetuned (Unmasked),comedian,0.008230489482468396,0.14117647058823524,0.0012492192379762648
pythia_1.4b_finetuned (Unmasked),composer,0.015013800962042436,0.025396825396825418,0.0010701835185296799
pythia_1.4b_finetuned (Unmasked),psychologist,0.02532650947463324,0.06006493506493504,0.002098724141957266
pythia_1.4b_finetuned (Unmasked),dentist,0.028761097565556806,0.06818181818181823,0.0023828473578853433
pythia_1.4b_finetuned (Unmasked),journalist,0.013418148578134198,0.05519374796483223,0.0015650739708105467
pythia_1.4b_finetuned (Unmasked),filmmaker,0.007988995007325334,0.0357142857142857,0.0011609214274649056
pythia_1.4b_finetuned (Unmasked),model,0.027210166380749135,0.17333333333333334,0.0006462335548724609
pythia_1.4b_finetuned (Unmasked),software_engineer,0.028716376366456242,0.027355623100303927,0.00927585209189283
pythia_410m_finetuned (Unmasked),professor,0.007293133149320508,0.019691119691119696,0.02571268237934904
pythia_410m_finetuned (Unmasked),attorney,0.014966396490995834,0.009397666351308787,0.004528763573879862
pythia_410m_finetuned (Unmasked),teacher,0.005457775138233225,0.042857142857142844,0.0011763038548752852
pythia_410m_finetuned (Unmasked),poet,0.00226110382652468,0.060000000000000005,0.0011522490899877303
pythia_410m_finetuned (Unmasked),physician,0.018002965909924354,0.10423024917906121,0.012553268693619571
pythia_410m_finetuned (Unmasked),surgeon,0.03023868598383955,0.19827586206896552,0.010703416710546887
pythia_410m_finetuned (Unmasked),photographer,0.023905269767217213,0.04644808743169404,0.005231009526291998
pythia_410m_finetuned (Unmasked),painter,0.004205581563417343,0.059267241379310345,0.003131614487072304
pythia_410m_finetuned (Unmasked),dietitian,0.006828927102656619,0.034482758620689655,0.006273645657248653
pythia_410m_finetuned (Unmasked),architect,0.01459163284253308,0.18245614035087718,0.01466974703727807
pythia_410m_finetuned (Unmasked),nurse,0.039647131850616885,0.11280746395250213,0.005187849720223821
pythia_410m_finetuned (Unmasked),accountant,0.0014623832105885486,0.0625,0.0026868309385959257
pythia_410m_finetuned (Unmasked),comedian,0.001854140914709518,0.0,0.0018738288569643974
pythia_410m_finetuned (Unmasked),composer,0.004145655156622583,0.16507936507936508,0.00393152113750478
pythia_410m_finetuned (Unmasked),psychologist,0.02497947296961284,0.17532467532467533,0.010777606484770644
pythia_410m_finetuned (Unmasked),dentist,0.019490392992009217,0.08164983164983164,0.0016665460772254783
pythia_410m_finetuned (Unmasked),journalist,0.002685060793998058,0.009280364702051458,0.0023119617721084756
pythia_410m_finetuned (Unmasked),filmmaker,0.0030902348578491965,0.02857142857142857,0.002526847757422615
pythia_410m_finetuned (Unmasked),model,0.008095431461184684,0.2088888888888889,0.002695050550861614
pythia_410m_finetuned (Unmasked),software_engineer,0.003994497503662667,0.10638297872340426,0.0010929923036861293
pythia_160m_finetuned (Unmasked),professor,0.00522343605494624,0.046294378001695086,0.011245791245791281
pythia_160m_finetuned (Unmasked),attorney,0.0025768354921746825,0.02232734153263955,4.003503866583866e-05
pythia_160m_finetuned (Unmasked),teacher,0.0,0.0,0.0
pythia_160m_finetuned (Unmasked),poet,0.0,0.0,0.0
pythia_160m_finetuned (Unmasked),physician,0.0008443362390187096,0.0,0.001116146145385911
pythia_160m_finetuned (Unmasked),surgeon,0.0,0.0,0.0
pythia_160m_finetuned (Unmasked),photographer,0.003135850480931776,0.014492753623188406,0.0022522614252375468
pythia_160m_finetuned (Unmasked),painter,0.000723589001447178,0.0,0.0007390983000739098
pythia_160m_finetuned (Unmasked),dietitian,0.0026287120831313127,0.18965517241379315,0.002439573225615277
pythia_160m_finetuned (Unmasked),architect,0.0,0.0,0.0
pythia_160m_finetuned (Unmasked),nurse,9.03368221831461e-05,0.05555555555555555,0.0008718025579536369
pythia_160m_finetuned (Unmasked),accountant,0.0,0.0,0.0
pythia_160m_finetuned (Unmasked),comedian,0.0,0.0,0.0
pythia_160m_finetuned (Unmasked),composer,0.0,0.0,0.0
pythia_160m_finetuned (Unmasked),psychologist,0.0022011774197299196,0.011363636363636364,0.001856297260873092
pythia_160m_finetuned (Unmasked),dentist,0.0,0.0,0.0
pythia_160m_finetuned (Unmasked),journalist,0.0,0.0,0.0
pythia_160m_finetuned (Unmasked),filmmaker,0.00113055191326234,0.0,0.0011609214274649056
pythia_160m_finetuned (Unmasked),model,0.0012360939431396785,0.0,0.001243008079552517
pythia_160m_finetuned (Unmasked),software_engineer,0.000723589001447178,0.0,0.0007272727272727272
